UMAP1,UMAP2,cluster
1.8457814,3.5297067,1
2.1717038,4.2535357,1
1.4681048,4.2929635,1
1.6840577,3.277272,2
1.7514167,4.405654,1
1.7028166,3.557271,1
0.6523547,6.119112,0
1.4984835,4.595479,1
2.6186342,3.86192,1
-1.8549228,5.9332366,0
1.2920994,5.49907,0
1.4160777,5.3970494,0
-1.6874708,6.069047,0
1.8604031,4.1922016,1
1.4925002,5.161688,1
2.2889311,3.4172075,1
0.11559092,4.452927,0
-1.8744617,6.147645,0
2.0285523,3.6283035,1
2.2513912,3.3197863,1
2.3383868,3.6906717,1
1.3988949,4.764921,1
0.61073893,6.0674257,0
0.5100042,4.9528155,0
1.2082956,4.3202596,1
-0.47320506,4.8605437,0
1.2919343,4.307691,1
2.305447,5.4708576,1
1.2132996,4.4355083,1
1.9727641,3.3931336,1
2.3886952,3.80635,1
3.147519,0.7353657,2
2.2723083,3.6422722,1
2.1369808,3.9859867,1
0.290894,5.131241,0
-0.68354523,5.531962,0
2.8956776,4.628085,1
1.0175041,4.7206855,0
-1.4216988,5.829548,0
0.5618344,5.0057716,0
2.1709237,3.940562,1
-0.49483383,3.5812223,0
2.4125898,4.0526686,1
2.3369021,1.9649034,2
-1.8227657,6.0228577,0
2.7381175,3.098784,1
3.088254,1.0929992,2
1.8775644,4.0039935,1
2.065277,4.487432,1
1.9598813,4.312468,1
1.062532,3.191557,2
1.5496972,3.5578446,2
2.3197527,2.3003654,2
1.7505789,2.4505522,2
-0.12112651,5.5373464,0
0.6880881,4.9960365,0
1.0973039,5.4005313,0
1.0468017,4.9170237,0
1.2348292,4.911343,0
0.76815957,4.898253,0
-1.7515597,6.0393386,0
2.0836513,4.2020197,1
1.4005063,5.207794,0
2.4518025,4.14304,1
2.5036905,4.0396743,1
2.773663,3.6060307,1
2.284959,5.0691366,1
-1.7137376,5.9506474,0
2.5907114,5.0336323,1
2.3163624,3.040204,1
2.7926493,3.750026,1
1.3926965,5.6597586,0
1.9441624,3.7095506,1
2.3926165,4.931478,1
-1.736244,5.931974,0
2.835779,3.6291573,1
2.4441373,4.2742953,1
-0.31997606,5.9161506,0
2.9811516,4.416132,1
2.8218412,4.2055254,1
2.9016874,4.8283806,1
2.55655,5.0091457,1
1.0112,4.7769723,0
1.3287416,5.1468167,0
0.8200134,4.945155,0
1.0124178,4.957314,0
-0.5777514,5.551476,0
2.321625,4.84331,1
2.2461321,3.8848372,1
-1.0342344,3.9529397,0
2.8422513,2.733429,1
2.7193258,4.3926105,1
2.0444882,3.9823592,1
2.403948,3.2958355,1
0.30484292,3.9889917,0
1.9367108,3.434853,1
1.2640336,4.3344383,1
0.33354846,7.143722,0
0.93635106,5.475745,0
1.1472071,5.546819,0
2.3659935,4.0330844,1
0.6784575,5.230095,0
0.56018674,6.2481484,0
2.7920191,2.9445941,1
3.1399844,0.7713824,2
1.9172854,5.423423,1
2.5297756,5.3445187,1
2.3449175,4.751397,1
2.7970564,4.0986953,1
2.4617183,5.428661,1
1.7785472,4.7902937,1
2.6632028,4.3869877,1
2.8340101,4.8452263,1
2.8181455,4.283267,1
2.6536446,5.347129,1
2.6421297,4.138307,1
2.9107022,3.9379578,1
-0.15904216,5.8473005,0
0.46219525,6.245807,0
1.627897,4.4333386,1
2.0419621,3.723011,1
1.6255006,3.5997298,1
1.3186262,3.783084,2
1.4011415,4.4632792,1
1.1676251,4.262978,1
0.423323,4.4946184,0
1.5695784,4.435493,1
0.7255518,5.040184,0
2.3828285,3.528468,1
1.8304017,3.5938556,1
1.9726942,3.5390205,1
2.0207443,3.6358693,1
2.2051957,3.4456306,1
0.6307502,4.9939237,0
2.8355012,3.1957095,1
1.2302377,4.859242,0
-1.5748378,6.0470448,0
2.3902934,4.5223923,1
1.8608712,3.546372,1
3.1772213,4.3089623,1
2.554488,3.3518534,1
2.9674387,3.7945912,1
2.5556169,5.36713,1
2.820885,2.687519,1
2.5550032,2.3044264,2
2.521588,5.4715705,1
1.8540446,5.700404,1
2.399255,3.8508842,1
2.4738128,3.7773087,1
2.4649467,5.2003064,1
2.2867427,5.554574,1
3.1026878,0.7137148,2
2.5212944,3.3592997,1
-1.3862342,6.445134,0
2.5163023,5.4006886,1
2.6546783,5.1310067,1
-1.6089118,6.1389008,0
-1.1139168,6.237607,0
2.1453726,5.170349,1
2.9476378,2.9794433,1
2.5369828,4.2658925,1
2.8804603,3.1363795,1
-1.4245408,5.7565885,0
1.3910505,4.8483124,1
2.2723172,4.9254975,1
2.0101013,5.175044,1
2.282511,3.9406097,1
2.661692,4.1076875,1
1.7312685,3.7157435,1
1.486759,5.2503514,1
2.7613797,4.8434477,1
2.0401382,3.7637084,1
2.0885618,2.9043074,2
0.92837036,5.266248,0
1.3240808,4.8829412,0
0.66822547,6.1154537,0
2.9792614,3.2983577,1
1.0106117,4.2438755,0
0.79634976,5.11947,0
1.9436654,2.6256623,2
2.0945504,3.898575,1
1.935838,3.9376152,1
1.7956482,3.814188,1
1.8608503,3.9937198,1
1.192891,4.781475,0
0.8629372,5.0042973,0
1.867999,5.146502,1
1.0670763,4.132725,0
-1.0466115,3.9513376,0
1.564917,5.228136,1
2.2370572,5.0651984,1
2.9275894,4.1204014,1
2.7442205,5.2167573,1
1.4759276,4.3454046,1
1.606854,4.4886284,1
2.0018241,2.812423,2
1.4610145,4.390376,1
1.9222071,3.6192067,1
2.019054,2.9443796,2
1.3292612,4.511749,1
2.5248244,3.6481555,1
1.6924076,4.4765124,1
0.34558812,7.170233,0
2.0907648,4.8440175,1
1.7520878,4.816395,1
2.3500333,4.558275,1
1.3489122,3.8482356,1
2.3181832,2.9825957,1
1.074748,5.497127,0
2.3688684,4.3829894,1
2.0163727,4.1168895,1
3.177763,1.3126074,2
-0.1669595,6.2792625,0
2.6688895,4.3311872,1
1.6520355,5.62675,1
1.4159373,6.016759,0
1.9595742,4.8880105,1
2.230324,4.1636205,1
-1.7110379,5.9467316,0
2.3239372,4.081596,1
2.3256607,4.3263073,1
2.027103,4.5316944,1
1.6285102,4.735695,1
2.196841,1.903633,2
0.95340544,5.293851,0
-1.9774284,5.9147005,0
-0.7027635,6.007935,0
2.4465387,3.7386055,1
-1.5098817,5.898281,0
1.5283296,5.5186777,0
0.74483526,5.673589,0
2.1664248,4.2903314,1
2.318344,3.9035602,1
2.520394,3.4270966,1
1.6791873,3.8201323,1
2.66495,4.3678875,1
2.3899617,4.507014,1
1.9201148,4.4107018,1
2.2873101,4.380704,1
2.436743,4.458767,1
1.3065116,4.303795,1
2.308413,5.2998576,1
2.7161613,4.6011114,1
2.5224965,4.0551176,1
2.7691553,5.2089195,1
2.762563,4.0599008,1
1.6816894,3.2601984,2
2.3217084,4.229501,1
2.4536662,4.251943,1
2.2197864,4.4517603,1
2.2732003,4.532239,1
2.671363,4.3905563,1
2.3262196,4.4702764,1
2.2835624,5.409422,1
2.5564551,3.1822133,1
1.1541026,6.175829,0
0.30311897,7.1679792,0
-1.9807605,6.147998,0
2.1761198,4.897536,1
1.4461292,4.89156,1
-0.7206317,5.2952228,0
2.470705,3.4143116,1
1.9514841,2.9168005,2
-1.4307182,5.995234,0
1.0770038,5.7995524,0
2.5229433,3.1388993,1
0.32755926,7.1479435,0
1.8980813,3.9961183,1
-0.3757029,4.2808094,0
0.020715125,4.297807,0
2.869802,3.3675008,1
-1.5900099,6.2804966,0
2.4582708,3.6904685,1
2.4193368,5.271077,1
2.0550513,5.506972,1
3.199801,1.0002733,2
-0.49061248,5.641326,0
-0.68038213,5.3842635,0
2.7950342,4.4302545,1
2.2715857,5.1078463,1
1.9899993,5.0973735,1
3.346152,3.1471887,1
2.2118726,3.9313993,1
-1.7229348,5.7395096,0
1.9683919,5.108562,1
2.023806,2.1566274,2
3.0596986,4.443507,1
2.0169516,4.506803,1
0.85471076,5.6616626,0
3.0346806,4.3567476,1
1.9591595,4.9843135,1
-0.34963116,4.190498,0
0.99563676,4.5702085,0
1.958193,3.6309862,1
0.89821935,5.093253,0
1.0082806,4.9259453,0
-0.14532296,4.8896513,0
1.5465258,4.600691,1
1.6334848,4.63222,1
2.6045313,3.845896,1
2.8647945,0.94913816,2
1.3617265,3.578857,2
2.0225735,3.590488,1
-0.52010375,4.112537,0
1.1514232,5.0251474,0
2.487044,4.1188655,1
2.380307,3.8730857,1
2.57039,4.3100076,1
2.3375568,4.837233,1
2.0035956,4.8136106,1
1.8673023,4.972596,1
2.4655123,3.4803646,1
-2.179128,6.162182,0
1.517582,1.9835335,2
1.2476552,2.1237793,2
1.575079,2.1952477,2
1.2308302,2.1420941,2
1.3731798,1.6152077,2
1.2963696,1.8867943,2
-1.9891785,6.155416,0
0.7081922,1.792619,2
1.9240569,3.5499363,1
0.40058535,1.2423368,2
0.3858411,1.559255,2
-0.15047647,3.038353,2
-0.30390385,1.0281137,2
0.014874237,1.0328326,2
-0.8170174,2.6526048,2
0.7611548,1.772493,2
1.7047399,2.7678802,2
0.042606622,2.7931921,2
-0.2715358,2.3958964,2
0.8302424,1.3949165,2
-2.2188728,5.932367,0
-0.38220558,4.0654984,0
-0.69994,4.667417,0
1.4472934,2.5852304,2
0.2206064,2.0349844,2
1.2764897,2.7022269,2
2.5370235,3.966353,1
1.0417304,2.6881056,2
0.8823549,2.9794908,2
1.019659,2.9491785,2
1.4231153,5.6282377,0
-0.39264634,4.5656257,0
0.5599868,3.188392,2
0.5294113,3.2404182,2
0.5449341,2.9395013,2
-0.5487083,3.684544,0
0.86624324,2.309083,2
0.2744853,3.2917569,2
-1.7625207,5.755998,0
-2.0128891,5.6172795,0
0.28476122,2.7920415,2
-1.9961913,5.368083,0
1.8211813,2.4787467,2
-0.80572677,3.376842,0
1.9147255,2.2364051,2
0.20549604,2.5872304,2
-0.34269142,1.2900221,2
2.74563,4.4303713,1
0.45266837,1.3731056,2
-0.2868428,1.452001,2
2.6580906,3.2373676,1
1.7367594,1.3613806,2
0.7602155,0.9973138,2
2.1202085,2.7960405,2
1.690441,1.7813718,2
2.0777862,2.207017,2
0.4391474,2.320223,2
-0.776353,3.542557,0
1.903266,4.319175,1
0.9369342,3.7797368,2
0.3954407,1.9461205,2
-0.29379725,1.1464968,2
2.0488145,2.5141652,2
2.0613875,1.9577384,2
1.8769349,2.0610473,2
-0.7585545,5.0797677,0
-0.90362525,2.8395798,2
-0.89592844,0.8738236,2
1.1244642,2.68985,2
-0.6216265,3.9894905,0
1.7992225,1.8293458,2
-1.0924699,5.314576,0
1.1581423,2.585157,2
1.5237603,3.6157656,2
0.4145084,2.0072699,2
0.73581094,2.0598319,2
1.2459918,1.7925639,2
0.10348067,2.2441044,2
2.6255875,2.3865802,1
1.6509697,1.3247861,2
-0.05203488,3.240515,2
0.26845387,2.919381,2
2.0426056,1.7489526,2
1.3228958,2.34284,2
2.648878,3.9581096,1
-0.025833523,3.5342817,2
1.0349386,2.6220436,2
-2.0206707,6.0407524,0
0.22706129,1.7039329,2
0.53621197,3.375553,2
1.4190032,3.9631991,1
0.47263074,3.392861,2
0.06414966,3.5578575,2
0.94992906,3.3137243,2
-1.7416373,5.83232,0
-0.18337007,2.048099,2
-2.0334501,4.917884,0
0.31976098,3.2941797,2
0.8411776,2.4382854,2
1.9401673,2.0975256,2
0.19191365,0.9206482,2
1.1925443,1.1894529,2
1.142791,1.7980529,2
0.28983438,2.0045576,2
0.27634454,2.1940694,2
-0.9656467,1.1530231,2
1.1723311,2.8266985,2
-0.86465895,5.057529,0
1.4718953,2.4923933,2
-0.85441047,4.9955363,0
2.4796023,0.8946279,2
-1.0371264,3.865039,0
-0.66675055,0.9896212,2
0.8652706,2.2918735,2
-0.4060911,2.707046,2
1.6295592,1.9208542,2
-0.7201021,3.0593362,2
0.85199606,1.9757,2
0.6844664,2.238198,2
-1.5405726,5.330917,0
-0.53856206,1.6073925,2
-0.8303129,3.4812794,0
-2.2170277,5.718376,0
2.3020244,3.3919811,1
0.45396823,2.5294244,2
1.1643629,1.8596219,2
1.4814585,1.8005154,2
-0.9693464,4.795046,0
-2.1938102,5.805792,0
1.3631948,1.9971724,2
0.789953,2.3668106,2
-1.730033,5.44851,0
1.2770326,1.5842278,2
0.9680328,1.7923403,2
1.2614206,1.791396,2
-2.164874,5.6313567,0
-0.36457592,3.5660164,0
1.06248,1.5280755,2
1.7029765,1.7865001,2
0.19812512,2.2811587,2
1.4178898,1.9356337,2
1.3986487,1.9516551,2
-0.92544323,3.8112912,0
1.805046,2.6232226,2
0.95870316,1.6821135,2
1.3978966,1.2969538,2
1.0573828,1.5158144,2
0.49996862,1.0003561,2
0.34228,1.9047302,2
-0.3322662,0.70938265,2
1.0597686,1.2488558,2
0.35223043,1.6019354,2
0.30855298,1.1719121,2
0.4824617,1.0257818,2
-0.13133001,2.5537624,2
1.8507663,2.0150301,2
0.61565214,2.4630349,2
1.1604236,3.7949774,2
1.288973,1.6081265,2
0.7459957,3.119863,2
1.1766783,1.8976228,2
-1.0567362,2.2987905,2
0.15290923,3.4130776,2
1.1212739,3.7176604,2
-0.21793832,2.3344522,2
1.2174295,1.3764759,2
0.97610104,3.4036872,2
-0.90469867,5.0963073,0
-0.07499603,3.3090243,2
0.97883356,3.6817381,2
-0.72249395,3.1839721,2
0.57437116,3.6327488,2
0.33789766,1.8511211,2
-1.6283181,5.252591,0
1.5064318,1.5883632,2
-2.1805391,5.5890536,0
1.2019976,2.392558,2
1.4242587,1.9853805,2
1.8191463,1.6740421,2
0.870711,1.2891097,2
-2.1198337,5.880372,0
1.335389,1.739346,2
0.62221354,2.1299477,2
1.8242177,1.8244051,2
1.451734,2.6394374,2
-0.5850133,3.5893333,0
1.034569,2.502813,2
1.7652597,2.2985296,2
0.9220839,1.5671362,2
-0.69583726,4.6807823,0
0.22918181,3.397068,2
1.0336403,2.5965073,2
0.9017575,1.8505616,2
-2.2380533,5.792429,0
-0.08006042,3.597579,2
0.4178766,0.95847595,2
-0.9313879,4.8059464,0
1.2548689,5.92508,0
0.78364515,2.1047583,2
-0.109813266,1.3793738,2
0.42226365,2.4638581,2
0.75701094,1.4339797,2
2.706195,0.69452745,2
1.1660252,2.5304484,2
0.8578822,2.0353823,2
2.613072,0.61646503,2
0.8457788,1.5590763,2
-1.3018745,5.3560634,0
0.6753086,2.2336786,2
-0.4638021,2.1155674,2
-0.6610781,2.7276213,2
1.211652,2.6696625,2
1.417377,3.5213692,2
0.206391,2.6581936,2
0.36897725,3.7606125,2
-0.16528004,0.9416182,2
0.9396107,3.398543,2
-0.45782,3.774117,0
0.67883885,2.8542662,2
1.2268088,2.2196867,2
0.32056502,3.1318865,2
0.47619855,3.1212606,2
-0.3210756,2.1346655,2
0.28832605,2.4734924,2
0.29998225,2.166977,2
0.9809693,1.6530249,2
-0.6028168,3.7105474,0
1.6448635,1.9671665,2
1.2011632,2.6671388,2
0.757508,3.1849022,2
2.2791252,1.9787554,2
2.0707364,1.6627947,2
2.1833851,2.341491,2
2.383338,1.682963,2
0.62751496,2.0113997,2
2.5378056,1.1371973,2
0.27783945,1.2042726,2
1.3342544,1.4893582,2
-2.2187629,5.6465745,0
1.4265952,1.6817604,2
0.42808774,1.9465463,2
1.5339664,1.5470883,2
2.065506,1.598418,2
2.6976092,0.8887769,2
0.30173528,0.6443381,2
0.29693437,0.9535152,2
1.5385607,3.5282795,2
-0.3339303,4.833544,0
1.0145422,2.9047341,2
-0.36702618,0.6419303,2
-1.484816,5.009508,0
1.9366399,4.755654,1
-1.0142965,5.1528544,0
-0.6247274,1.2623491,2
-0.97201145,3.8501563,0
1.1298318,2.1038084,2
0.4798245,2.273328,2
1.0570143,1.6105705,2
1.444626,2.9565883,2
0.77831346,1.9978937,2
1.7514702,2.785043,2
-2.310986,5.8381276,0
0.80226815,2.0395503,2
0.98039997,2.1807146,2
-0.8011778,5.0609593,0
0.6695147,2.0734704,2
-0.8038234,3.1657658,2
0.17730491,2.0239615,2
1.5823941,1.8592758,2
-0.26254368,4.060604,0
2.185914,1.6177568,2
-2.1589723,5.612276,0
-2.024059,5.94112,0
2.71443,0.9453643,2
-0.85021716,5.3194532,0
3.0304778,4.3667116,1
1.4165196,3.7898037,1
-0.67727643,2.8270373,2
2.339801,3.1888878,1
-0.69874644,4.3974996,0
0.15868466,1.5095135,2
-2.003442,4.963012,0
-0.79171854,5.0534444,0
2.122082,1.7968156,2
1.5023171,1.4928542,2
-1.4822574,5.5622616,0
-2.0219195,5.4622335,0
-0.40048498,2.451578,2
1.5105358,2.7780163,2
0.11871998,1.1010429,2
-0.4927512,0.6699657,2
0.77450943,1.1624274,2
-0.7840341,2.9125159,2
1.2026395,3.2083592,2
0.53006464,3.5512886,2
1.200647,1.8412807,2
2.8026478,0.9154968,2
1.2699897,2.9817696,2
-2.2249234,5.549602,0
0.34380534,1.4596405,2
-0.57037824,1.7163886,2
0.4106057,3.005668,2
-0.40808368,3.3498933,2
-1.0334793,3.8880718,0
-1.88976,5.607436,0
0.9053192,2.870768,2
0.9484182,2.6179035,2
0.23619965,4.490877,0
1.207598,3.4329813,2
1.9087282,1.2568249,2
-0.8209526,4.5186133,0
1.9253036,2.3434885,2
-2.0059295,5.344551,0
-2.3378177,5.6437407,0
1.3733228,1.7686238,2
1.1743784,1.889627,2
1.8236296,1.8360692,2
-0.14892285,4.0223637,0
0.5634736,1.7295235,2
-0.60206324,3.9030478,0
1.7999922,1.3022852,2
-0.6935272,1.5532235,2
2.6777713,0.9628351,2
2.3715076,1.5227408,2
1.84245,1.3855499,2
-0.6313494,2.9812355,2
0.64918625,1.3541751,2
0.80208856,1.3790667,2
0.23476015,3.4579093,2
1.3218211,2.5901258,2
0.82266575,2.9774263,2
-1.018631,1.0405111,2
2.502133,3.6124184,1
0.47472724,1.1705556,2
-1.9465052,4.9685035,0
-2.2241251,6.082652,0
0.37660515,2.2343917,2
1.6924095,1.6418128,2
1.2402551,2.018151,2
-0.7326065,3.0803077,2
-1.5607363,5.306009,0
0.649295,5.233364,0
1.0587121,3.5375845,2
2.338532,2.883745,1
2.387426,3.1261742,1
-1.0481324,2.8354213,2
2.1655633,3.1258307,1
-0.5219935,4.063725,0
1.3214844,2.5630248,2
0.80270475,1.6100553,2
-2.0402224,5.646554,0
0.25923458,2.2773848,2
0.40156326,2.4990482,2
1.5598469,3.0791597,2
1.4414208,2.7223134,2
2.827166,0.7427712,2
1.3431234,2.615705,2
1.279613,2.4835482,2
0.28590336,3.886935,0
-0.105651826,2.1663952,2
1.8123399,3.0734625,2
1.5422924,2.2355425,2
0.34774125,1.8613201,2
0.4854927,1.822098,2
1.3737701,2.929349,2
0.152999,4.6572776,0
1.6973101,3.1398408,2
-2.0866168,5.628835,0
1.402159,2.170992,2
-1.2310659,4.981817,0
0.25962797,2.365298,2
0.21546227,2.2288182,2
1.5216079,2.7399294,2
1.346105,2.476933,2
1.5862591,2.7540977,2
0.91864574,3.192537,2
3.4477627,3.678158,1
1.1270877,3.0102365,2
-1.5480976,5.701472,0
2.1561754,2.958844,1
0.5589985,2.7259786,2
0.4329936,2.796127,2
-2.092541,6.043688,0
2.5318372,2.3365943,2
0.8528396,2.9346693,2
0.85187715,3.2711256,2
1.1785344,3.1028132,2
0.81151116,3.194747,2
0.7095722,3.4563413,2
0.7880571,3.1422243,2
1.0217167,2.895018,2
3.008729,0.71282995,2
1.2908813,2.8314362,2
0.68783706,2.5458658,2
1.673838,2.0105515,2
1.3470597,2.9675055,2
1.0309234,2.523455,2
0.98953533,4.6002235,0
1.0121133,2.624218,2
-0.51379216,5.11016,0
0.81113285,3.1779354,2
3.0923133,4.672393,1
1.0998117,3.2431617,2
1.0155264,3.1048794,2
-1.3926586,5.184969,0
0.8653423,3.089658,2
1.5285157,2.0212367,2
-0.24683726,4.074964,0
0.53530824,3.5070689,2
1.2473819,3.0247033,2
1.7597033,2.425243,2
2.05611,3.8337598,1
0.93241334,2.673776,2
1.9270229,1.8616586,2
-1.7978703,5.56073,0
-2.003005,5.6243606,0
-1.5195597,5.6266985,0
-2.0091112,5.4902062,0
-1.0667553,4.697235,0
2.7154198,0.7035091,2
-0.6299581,2.746249,2
1.136765,1.4387587,2
1.4397197,2.05358,2
-0.18182832,0.96281904,2
2.0814903,2.5729818,2
1.8276583,1.82335,2
2.183061,1.6479136,2
2.2581303,3.0166976,1
-2.0122528,5.755322,0
2.07818,3.1293883,1
-1.8900386,5.660181,0
1.7870947,1.6855489,2
2.807117,4.670747,1
-1.9074477,5.6282334,0
2.2554293,4.699877,1
1.0719975,3.5903769,2
-0.24379012,0.68219966,2
-1.1784395,1.1599349,2
-1.0667249,0.9572612,2
-0.6300267,5.1358814,0
-0.5799053,5.075465,0
-2.0554206,5.50207,0
0.6645346,4.1892347,0
1.2239777,1.579647,2
2.0512073,2.7329931,2
0.6156316,1.8004577,2
1.5793339,2.0531132,2
-0.7330585,3.8924172,0
0.07846884,1.459742,2
-0.9857495,3.227005,2
2.0567918,1.7241036,2
2.0399978,1.7634879,2
1.0475692,3.9574723,2
0.9038913,5.643269,0
-2.1418788,5.624541,0
-1.5570803,5.8322597,0
3.5558708,4.1886153,1
3.6361494,4.0845137,1
3.5197446,4.0216703,1
3.4731364,4.4996514,1
3.5023506,4.1444783,1
0.690489,0.9643403,2
3.514989,4.1741333,1
3.5238512,4.3276896,1
3.5098672,4.1211305,1
3.480936,4.286153,1
3.5526338,4.082503,1
3.6575358,3.9774382,1
3.7645576,3.9946058,1
3.5298645,4.2984824,1
3.6451118,4.0143833,1
3.628171,4.0723233,1
3.7623665,3.0369797,1
2.1184201,4.3936987,1
1.296619,6.0484176,0
-2.1298127,6.3722167,0
3.5089746,3.956162,1
3.0806315,4.7854824,1
0.8319867,5.087718,0
2.8955414,4.233678,1
3.1184049,3.9842012,1
2.4354794,4.5283985,1
3.1682835,2.6701636,1
3.0403168,3.9854007,1
3.3001502,4.195982,1
2.6232722,4.550908,1
3.0538757,3.5086968,1
1.4062613,5.733185,0
3.3487995,3.715073,1
1.1071937,5.43319,0
3.2189305,3.4143696,1
-1.8603132,6.4144015,0
3.475489,3.3530307,1
1.1466367,6.168493,0
-1.4595461,6.0917945,0
3.3124783,4.5377884,1
-1.5107222,6.0198164,0
3.5284927,4.711145,1
3.483206,4.703232,1
3.4394956,4.0097766,1
0.87065023,5.949669,0
3.5085413,4.6601567,1
3.5364056,4.702139,1
3.0600035,0.90648097,2
3.3480246,4.9737864,1
3.2614205,5.072888,1
3.0879738,5.213139,1
3.5829983,4.558845,1
3.867063,4.5507255,1
3.5682786,4.3143663,1
3.7066815,4.4609222,1
2.93568,0.8938768,2
1.7267951,5.472605,1
2.5452597,5.3120756,1
3.2764256,3.5526686,1
3.2534683,3.1749086,1
3.1184614,3.4307733,1
3.5083408,3.4708698,1
-1.1263064,6.255693,0
3.5177443,3.7542207,1
-1.5116704,6.2672644,0
4.3708386,4.1280556,1
4.694822,4.545891,1
4.7354836,4.5022717,1
-2.1610637,6.570516,0
4.657145,4.454598,1
4.734916,4.499406,1
4.77735,4.314417,1
4.782084,4.53023,1
4.772932,4.487833,1
4.8374343,4.252875,1
1.0462207,6.196877,0
4.7757916,3.9449651,1
4.236108,3.8078675,1
4.397035,4.2911854,1
-1.1339625,5.400333,0
4.8314757,4.150325,1
4.754996,4.77534,1
3.9304388,3.9706893,1
4.0869117,3.9472017,1
3.897343,3.872409,1
-2.231519,6.4438753,0
4.1198173,3.6340764,1
4.1441503,4.4167547,1
3.943166,3.7330272,1
-2.1758363,6.4697614,0
-1.9733372,6.3301296,0
4.8378897,4.194083,1
4.653912,4.5313187,1
4.718658,4.394027,1
4.878857,4.690705,1
4.6214814,4.644954,1
4.768036,4.5338793,1
4.7906814,4.7261124,1
0.9876966,6.0956063,0
4.7424684,4.5070415,1
4.7339854,4.5277348,1
5.005851,4.331655,1
-2.1432488,6.5905175,0
4.852789,4.22918,1
4.9158034,4.1651583,1
4.853555,4.251497,1
4.066839,4.3645277,1
-2.113507,6.623283,0
3.829236,3.579982,1
0.18042026,0.83327216,2
4.1188226,4.101201,1
-2.1401114,6.596047,0
4.9985666,4.4753003,1
4.9896417,4.4129186,1
5.043161,4.3582387,1
4.8426337,4.1380057,1
4.8920116,4.237955,1
4.962951,4.3142753,1
5.0575657,4.7050705,1
5.0780816,4.5943856,1
4.9466467,4.3078966,1
5.006743,4.4734354,1
3.9993422,4.0886774,1
3.5407612,3.3989866,1
4.0309753,4.18073,1
3.981263,3.8189456,1
3.8533885,3.775268,1
-2.0433903,6.4673276,0
4.1361384,4.365015,1
3.7697375,3.6426363,1
4.1126227,4.0856204,1
4.045322,3.8858452,1
4.1901255,3.8627558,1
4.1908383,3.9118147,1
3.930404,3.7127986,1
3.5310147,2.6886406,1
4.205904,3.4681242,1
4.2204657,3.266539,1
4.0890446,4.1440377,1
4.153922,3.9429135,1
1.1156237,6.224254,0
-2.0741246,6.5044346,0
4.897927,4.467891,1
4.981969,4.0426693,1
5.07839,4.6084375,1
4.960271,4.3456526,1
5.0106072,4.202931,1
4.93236,4.2342014,1
4.967167,4.247538,1
4.9091725,4.426003,1
4.4351044,4.287026,1
1.2204653,6.2802653,0
4.164649,3.8696477,1
-2.1835654,6.4054275,0
3.9450343,3.67383,1
3.8783636,3.467227,1
4.2653036,3.8994505,1
3.950939,3.6097205,1
3.8974712,3.6870964,1
4.203517,3.7724018,1
1.200653,6.226764,0
3.1894598,4.6984067,1
3.051096,0.8028132,2
-1.482432,5.868716,0
0.7288536,4.4564795,0
3.2706673,4.768156,1
3.2412922,4.738603,1
3.3267102,4.4433475,1
2.344091,2.9356158,1
3.3372087,4.8439913,1
0.63897616,1.2624456,2
3.2835088,4.554311,1
3.1080701,4.648731,1
2.801761,3.718323,1
0.833143,5.727656,0
3.0881991,4.8125267,1
-0.4598371,2.1908925,2
-2.1097057,6.295237,0
3.3266265,4.7322617,1
3.8108377,4.6732073,1
4.123131,4.795448,1
4.022307,4.721471,1
4.638193,4.606388,1
3.664677,5.0974855,1
-0.8451198,5.709356,0
4.014254,4.690145,1
2.5970578,3.5379188,1
3.104586,3.268066,1
-1.9311986,6.082142,0
3.0387673,3.301083,1
3.0185564,3.2577412,1
3.2801661,3.3325953,1
2.97857,3.6524327,1
1.7809362,5.223154,1
3.299824,4.461062,1
1.6912981,5.7740498,1
0.6846224,4.506987,0
2.9107537,1.5836347,2
1.3861742,5.913535,0
2.9302561,3.902896,1
3.1437204,3.703092,1
2.7915916,4.926054,1
2.8921611,4.7832565,1
3.7664554,4.6183376,1
3.82963,4.5864425,1
4.4363465,4.4196815,1
3.874939,3.8675714,1
3.8023071,4.561019,1
0.7746708,5.016977,0
3.055642,5.157219,1
2.6261985,4.8961244,1
1.7270911,5.226833,1
-0.77910554,5.770754,0
3.300622,4.353943,1
2.761596,4.5659933,1
0.106525026,2.8614366,2
1.5548974,5.828625,0
0.9964098,5.030604,0
1.2463497,4.141355,1
-1.6882986,5.6968846,0
-1.0586287,5.1700635,0
-0.8230107,5.1857696,0
2.51932,1.9306524,2
1.3171669,2.994051,2
-0.5013634,5.5333652,0
-0.09588447,5.1579347,0
0.6334491,4.7277575,0
0.6124908,4.7695646,0
8.23302,5.873267,1
8.514308,5.972879,1
8.538424,5.9929028,1
8.567289,6.0318613,1
8.53798,5.99432,1
8.515647,5.996152,1
8.505994,5.9708285,1
8.537733,5.96685,1
8.544899,5.9780335,1
8.4852915,5.979055,1
8.539567,6.0481243,1
8.51458,5.9690647,1
8.553979,6.0127697,1
8.549106,6.004081,1
8.4878845,5.947713,1
8.527676,5.9838395,1
8.543661,5.9912686,1
8.522475,5.9856234,1
8.565556,6.0358458,1
8.50096,5.97948,1
0.35083047,1.6364598,2
-0.6024085,0.7861435,2
1.2522765,2.006226,2
1.9892043,2.9201,2
-0.9183296,5.250868,0
-0.35666704,0.8087403,2
-0.26952145,1.2563165,2
-0.24169299,4.144475,0
3.5209053,4.1443353,1
3.4511037,4.1150136,1
2.985021,3.565362,1
3.301746,4.0837264,1
-0.8978375,4.012249,0
3.5230787,3.38287,1
-0.7469658,5.455036,0
3.2918339,4.113374,1
-1.3204912,6.023313,0
2.9243584,3.0441802,1
1.9382156,1.5689633,2
-0.3598298,3.989724,0
0.6485255,4.0661902,0
-2.2990916,5.9877343,0
-0.9038751,2.9756925,2
3.380046,4.79404,1
-1.121987,6.2005267,0
3.4817374,4.2338223,1
3.1586204,4.996823,1
-1.7800262,6.470582,0
3.4395819,4.711801,1
0.9901644,1.1896347,2
0.8364142,6.1883965,0
0.70772064,4.911554,0
-2.1736622,6.0985203,0
3.5297906,2.6444538,1
3.6016786,2.9406629,1
1.6813715,2.635846,2
2.3751383,3.683607,1
2.7317638,1.388738,2
3.2289672,2.448097,1
-0.83363473,3.8862429,0
-0.19241418,2.0560248,2
2.9466124,2.8462312,1
-0.66133076,4.4734306,0
3.6214976,3.2497773,1
3.8559887,2.5660388,1
-0.47612482,3.90649,0
3.3247786,2.6541624,1
-2.0491667,6.631184,0
4.8642545,4.195358,1
3.8116112,2.7015839,1
-0.2703342,4.8913455,0
3.7849395,2.8933136,1
4.8615694,4.764258,1
-1.031398,3.8778524,0
3.1154473,1.0651357,2
4.8683486,4.773801,1
4.9802103,4.6827145,1
4.101344,3.2408469,1
3.049898,0.9163535,2
3.8616376,4.694577,1
3.2694,2.8742526,1
4.033707,2.858231,1
4.0210238,2.7316422,1
3.9803991,2.7044363,1
3.6862264,2.6018481,1
4.052347,2.7506096,1
0.23339783,4.8025846,0
4.04042,2.7346525,1
4.4673624,3.5179446,1
3.6192055,2.484532,1
2.8231742,1.1893473,2
0.09559054,5.193748,0
4.0256777,3.8681238,1
3.916896,4.234328,1
1.0597215,0.9327901,2
-0.98271936,6.410724,0
3.7541373,4.1297493,1
4.1551623,4.181878,1
-2.0794995,6.5110345,0
3.9551718,3.9033492,1
3.4718773,2.373344,1
-2.1505926,6.606061,0
4.9563117,4.5524683,1
5.1191597,4.3410783,1
2.9802868,2.653404,1
0.650012,1.1300633,2
4.786177,3.8248856,1
3.5350604,2.7433953,1
-2.1073234,6.382144,0
3.5362487,2.8853588,1
3.9182482,2.8139732,1
3.7113698,3.3202217,1
1.5810221,1.1412936,2
-2.1138587,6.4432983,0
2.7040653,1.5143802,2
0.5817618,4.6505303,0
-2.0946522,6.3845534,0
3.0015585,2.1212473,1
-0.20979238,3.911106,0
-0.17261674,4.471606,0
2.9673433,0.8831512,2
4.042955,2.8908954,1
4.038652,3.078178,1
-2.037878,6.2773123,0
4.1463594,3.0271757,1
4.1303825,2.8332787,1
4.0745883,2.792119,1
4.7395954,4.3862343,1
4.8325057,4.6970243,1
4.5940456,4.4629674,1
4.741881,4.0971966,1
4.9987016,4.730253,1
1.0298847,5.996119,0
4.4755793,4.428756,1
1.3745874,6.0201654,0
3.7510538,2.717136,1
2.999767,2.4349866,1
4.0963593,3.2094502,1
-1.9384385,6.2843533,0
3.6620069,3.8386405,1
4.015708,3.2033048,1
-1.9154942,6.471932,0
4.131929,3.4203763,1
4.0465803,3.3482547,1
3.467553,2.3870912,1
-0.90042126,2.8071814,2
-2.1558526,6.4476943,0
3.791566,3.7080574,1
0.7361467,4.8090634,0
4.141683,4.40831,1
3.9716313,2.7262304,1
-1.2275856,5.7310023,0
4.0190206,2.7416484,1
2.2980242,2.7883825,1
3.9870055,2.7820423,1
3.2043204,2.4475162,1
3.8208504,2.7047522,1
4.0806046,2.7615101,1
4.1408257,3.0810342,1
0.06802136,4.0616775,0
4.3463635,2.878088,1
4.0280037,3.199993,1
4.123879,2.943332,1
3.4591322,2.5248282,1
4.0694623,2.8090055,1
3.8201182,2.7713573,1
-1.5746088,5.4623985,0
4.0392165,2.6614544,1
3.3860147,2.3103867,1
3.3917015,2.5459425,1
4.144031,2.8650196,1
3.181666,2.272653,1
3.9111924,3.0984778,1
3.9965618,2.6336782,1
4.8820915,4.426791,1
4.9902844,4.443617,1
4.914294,4.1140046,1
4.951231,4.1460843,1
4.9210596,4.7883477,1
5.0114837,4.411686,1
4.7875,4.227761,1
4.864278,4.158909,1
3.7673297,3.5311913,1
0.1692178,5.414746,0
-1.8845167,6.6430497,0
4.195976,3.3860207,1
2.3235505,4.3179846,1
3.497307,2.4193907,1
3.5935216,2.7616491,1
4.9537983,4.0511746,1
3.512794,2.4100313,1
3.0123968,1.016363,2
-1.2258165,5.360276,0
3.6798415,2.7359605,1
3.9811554,2.8970377,1
3.7378845,2.7473657,1
4.034692,3.3551111,1
2.5791502,1.8276627,2
4.133456,3.1545393,1
4.0693884,2.742567,1
-0.89488673,2.942905,2
3.517141,2.9182591,1
3.7598808,2.795253,1
4.296526,3.7253551,1
3.3824382,2.6966367,1
-1.8880699,6.5824966,0
4.3314147,4.858998,1
-2.1298566,6.5601683,0
5.0922413,4.5840616,1
-2.0997105,6.3817735,0
3.6256404,2.4954534,1
-2.2086797,6.2924848,0
4.351499,3.651802,1
3.4115088,3.206508,1
4.4932942,3.7315793,1
3.7104924,2.5243917,1
-2.1749613,6.494442,0
4.491205,3.9750495,1
3.2583477,4.640856,1
3.0137057,4.7263403,1
2.3841727,1.9616784,2
0.7425209,1.3642156,2
2.2305765,1.8205857,2
1.3110958,6.077023,0
-0.92397606,5.696474,0
4.0380015,4.8012652,1
0.94100064,5.819413,0
3.229746,5.105062,1
0.72111875,4.3807993,0
1.6939269,1.8322958,2
1.6443975,3.7474694,1
-0.6079166,2.4020624,2
1.6060385,3.032875,2
1.514323,4.210622,1
-0.6285815,3.7175603,0
1.7546612,3.7088237,1
1.4330355,4.9423666,1
-0.096375264,2.6549432,2
-0.3436859,3.0701783,2
2.625826,2.3803837,1
1.8574021,1.6750835,2
1.6698529,2.2505646,2
-2.0372531,5.7340326,0
1.7242388,1.8060426,2
2.814981,0.71745425,2
2.0217965,1.7879816,2
-0.8847369,5.208018,0
1.3902488,5.148376,0
2.3662205,4.7679505,1
0.7759891,4.4998116,0
-0.7224801,5.650987,0
3.5555835,4.5882335,1
-1.7467877,6.0091844,0
1.9109787,1.5998569,2
0.009636244,4.150677,0
1.1784539,3.763127,2
-1.8065509,6.0534186,0
0.9609911,3.7789004,2
0.4928483,3.3291736,2
2.7706215,2.558815,1
2.3140128,5.418947,1
2.5023656,2.0976937,2
-0.20719941,1.2966745,2
-1.9642073,5.8397746,0
2.336661,4.757434,1
2.642885,3.6462445,1
1.9122485,5.466547,1
0.6194793,6.1700697,0
1.8170593,4.174127,1
2.040817,4.6218553,1
0.83311385,6.1316237,0
2.346735,5.4167743,1
-0.11481904,6.368471,0
2.4081283,3.7415843,1
-1.2944267,6.249721,0
2.2202523,3.8971982,1
2.6203537,0.94053024,2
0.12210146,3.555492,2
-0.6896474,0.88284165,2
0.6483863,1.5760216,2
-1.8316863,5.700649,0
0.2887553,3.2832794,2
0.27843896,3.8744867,0
0.7601205,1.9732703,2
-1.9522421,4.9501634,0
0.64512426,2.9676802,2
0.6939098,2.95905,2
0.7740667,3.9286497,2
0.8873311,3.365143,2
0.45490983,3.3344438,2
0.019693483,3.147445,2
0.7538817,3.3158624,2
-0.54715997,0.9855081,2
1.0975811,2.3552964,2
0.19698271,2.7138515,2
-1.9350908,4.9841413,0
0.1522306,4.3953924,0
-0.39413348,0.6297236,2
1.7877016,1.4859586,2
0.6886824,5.477023,0
-0.62683797,3.2913754,2
-2.0065954,4.6806693,0
-0.36616564,1.3695911,2
0.1070246,1.2345214,2
4.0495005,4.2872906,1
-2.2065976,6.500778,0
0.3237811,7.1404843,0
3.624562,3.481762,1
3.5904105,4.7659926,1
4.087816,4.437918,1
0.6683726,3.718189,2
-1.1321014,5.4151754,0
0.6731012,2.4484582,2
0.48632306,5.4627857,0
-1.6721262,5.8297777,0
-0.84648734,4.8139734,0
1.4075735,3.7115304,2
1.3145784,3.472538,2
0.9314092,2.3338375,2
0.69384164,3.2505221,2
-0.91471577,2.8959372,2
2.9442742,0.7901011,2
2.4429653,3.0642924,1
2.5879729,2.6049027,1
1.5485834,5.1068153,1
3.1300826,3.5160317,1
1.9913604,4.384961,1
-0.370182,4.417609,0
1.4573061,2.155287,2
2.4285078,3.2516918,1
-1.609445,5.825561,0
-0.010068194,4.53897,0
-0.8309062,5.348918,0
2.5583215,3.4983573,1
1.7665539,4.617792,1
-1.9781343,6.2949786,0
2.6193008,2.6516464,1
-2.2238507,5.919081,0
2.304109,1.9190356,2
-0.7844587,1.2651272,2
1.1409363,1.9159675,2
0.36841574,4.1616974,0
0.77376235,1.6553749,2
0.26511392,3.9439623,0
0.7404862,3.8407433,2
-0.25428435,3.0033453,2
0.66638,1.4497185,2
-0.3743796,4.507951,0
-1.0747527,0.86413014,2
-0.2231958,0.86155516,2
1.8680251,2.2268147,2
-0.80493456,0.5760155,2
-0.9524823,2.9254544,2
0.562827,0.99796593,2
-0.47680607,0.81750077,2
-0.20373115,0.79011333,2
2.019691,2.5984106,2
-1.8553174,5.913655,0
0.052791208,2.2483745,2
1.2942578,1.2223634,2
2.6484303,0.68327177,2
0.08765335,2.3096533,2
-1.2013586,5.7266364,0
0.045802623,2.5702336,2
-1.1466708,3.2684143,0
0.20715642,2.9111474,2
0.09159635,2.1865602,2
-0.15802439,3.601254,0
-2.1231265,5.830076,0
0.24342662,3.2244925,2
0.25541845,3.222629,2
-0.62050253,0.59963876,2
2.0904577,2.2060003,2
-0.7881534,5.362113,0
-1.2898461,6.2781534,0
-0.69430625,5.4714284,0
0.56319094,3.084897,2
0.40128323,2.5816092,2
0.20347989,3.9978464,0
0.89191127,3.1351671,2
1.0319016,3.3513968,2
-0.20855625,3.6625469,0
0.6351784,2.5841472,2
-1.1539401,1.3879839,2
-0.36726663,0.66818315,2
-1.1231441,1.1851717,2
1.0930151,1.7072927,2
-0.78459466,0.52520853,2
-0.7638141,0.64350176,2
1.1456906,1.9886112,2
2.5686269,0.7936615,2
1.0267777,2.1699026,2
-1.7549697,5.579377,0
-0.71623933,0.86083484,2
1.2477183,1.906644,2
1.909107,2.584681,2
1.3216106,2.136458,2
0.8066093,1.6757839,2
0.56450796,2.2327962,2
-0.8430997,0.41316035,2
-2.1613755,5.424943,0
0.689176,2.305294,2
-0.10623124,0.97285473,2
1.3279631,1.2282797,2
-0.9193731,0.4050249,2
-1.5114065,5.5433826,0
-0.6348291,4.1265454,0
-0.014342099,2.0401907,2
1.0066003,2.4604602,2
-1.3117614,5.2603073,0
0.076913856,3.6140978,2
0.020427404,3.7214715,0
1.7719592,2.5408485,2
-0.62255657,3.5628314,0
0.110393055,1.5354078,2
1.5437952,1.5993731,2
0.5005844,2.5950627,2
2.5734353,0.7267212,2
-0.9981437,0.68347716,2
-0.69434315,0.8060135,2
-0.0042236117,2.554377,2
2.2788506,1.517832,2
-0.19782184,3.3210073,2
0.49435467,1.1364166,2
0.23370594,2.4214582,2
0.5020476,3.5595248,2
-0.77315027,0.5365694,2
-0.73791385,0.64638937,2
-0.92923117,0.40438032,2
-0.66495645,0.8429913,2
-2.0005505,5.74742,0
0.36380202,3.6437068,2
-0.63045996,0.86426157,2
1.8596108,1.7392005,2
0.32319683,4.404978,0
-0.6403789,3.164869,2
-1.065904,0.6319827,2
0.3057459,1.1385251,2
-0.60865116,0.68378884,2
-0.7112067,0.6754586,2
-0.59542704,0.53390086,2
-0.6583935,0.5002746,2
-0.9540003,0.419771,2
-0.47911498,0.5239178,2
-0.36259246,0.59682465,2
1.7017306,4.572275,1
0.17928293,1.5061649,2
1.7992922,4.8117905,1
1.3944554,1.5686269,2
-0.8393941,0.44151255,2
-0.45583525,3.169606,2
1.2948984,1.3614088,2
-0.23783718,4.430494,0
1.4279659,3.4674919,2
-0.40365982,2.7329197,2
0.45802316,1.0823066,2
-2.0267198,5.3055277,0
1.4894898,2.1041944,2
1.0532537,5.5298767,0
-2.0247707,5.723708,0
1.0505757,4.030138,2
0.52349126,1.0169523,2
1.2928091,5.511427,0
1.7504448,2.9925218,2
1.8417443,2.8240442,2
-0.28716555,3.4200895,2
-1.8021358,5.868615,0
-0.8128129,1.2520552,2
-0.9598269,5.691904,0
-0.3995747,1.5680916,2
-1.0866187,0.6696306,2
-2.326403,5.700892,0
1.3409575,1.8979641,2
0.3963349,2.3487966,2
1.3636998,1.1615068,2
0.5385384,2.848256,2
-2.2256105,5.921229,0
-2.0416636,4.654632,0
-0.77928346,4.5104294,0
-2.2127483,5.679983,0
-0.8776988,0.40118617,2
0.7807286,2.9326737,2
-1.9766201,5.17616,0
-0.08158932,4.133254,0
-0.09025199,4.0650353,0
0.5405649,2.790968,2
0.53760797,2.365247,2
-0.946908,4.3229785,0
-0.47457674,0.88379693,2
1.1908404,2.626328,2
-0.10618277,2.0710874,2
2.179754,1.8291284,2
0.12124786,4.5789313,0
1.6440039,2.7350917,2
-2.1252034,5.7007174,0
0.6446363,3.749547,2
-0.40796608,2.531343,2
1.6054449,2.6333952,2
0.056370337,2.0424232,2
1.605113,1.4194034,2
-1.9558859,4.6916766,0
1.6839879,3.2092664,2
-1.0881152,0.84013736,2
-0.24006677,1.6458757,2
-0.19596228,0.9224879,2
-0.7885023,3.125643,2
-1.1574174,1.1964483,2
0.49527457,1.1073296,2
-0.54021066,0.5884102,2
-0.96401507,1.2489043,2
1.0183707,1.3102598,2
-0.34218845,3.3395905,2
1.8396416,4.2203274,1
0.81251144,4.18541,0
0.77175176,3.934486,2
-1.8921527,6.311508,0
0.7590532,4.1623907,0
-0.84102273,2.7812486,2
1.4169476,1.373116,2
-0.13799314,3.6430318,0
0.5299214,4.155397,0
0.8016951,4.203726,0
1.7016456,2.5878162,2
0.77626556,4.046722,0
2.6269994,0.64600205,2
-0.44938836,0.5472352,2
-0.7276331,2.9142218,2
-0.21557976,1.4232199,2
0.9543546,5.9627075,0
-0.96735656,2.9225342,2
2.2988224,2.0029998,2
-0.13931812,3.7433257,0
0.14702728,2.9946318,2
-0.5614053,3.439808,0
1.0037678,1.1032137,2
1.3504173,1.1066612,2
1.6382246,4.0651956,1
0.66733754,1.8873633,2
-0.0012573726,1.9220864,2
0.62042314,1.229173,2
0.19619878,2.7463872,2
1.4421653,3.9914355,1
-1.9932035,5.6624894,0
0.77574074,1.9661932,2
2.4439294,2.7553952,1
0.465017,3.5398607,2
3.1170068,0.7034503,2
0.20282717,2.7199109,2
1.1716875,4.1622744,1
-0.95717853,0.9796631,2
-0.56553143,0.78004014,2
-0.70124817,2.2519276,2
-0.8774383,2.5919726,2
0.42958033,3.1865573,2
-0.24753067,2.5826278,2
0.022227142,0.9947592,2
1.006579,2.502557,2
0.182428,1.5519696,2
-0.25733387,0.7754483,2
-0.22704168,0.9199598,2
-1.0104793,1.2059973,2
3.1820378,5.083008,1
-1.1101241,1.0428648,2
-0.61622036,0.721523,2
-0.5399782,0.8717306,2
0.93784076,2.7041342,2
1.4720439,1.2762638,2
1.2649826,2.4343822,2
0.87467676,1.7847677,2
-0.49588796,4.6658516,0
1.1337503,2.0668635,2
-1.1412687,5.597073,0
1.10277,3.7150016,2
0.71093166,1.4198154,2
-0.49130508,5.502164,0
-0.6509291,2.8533468,2
0.5823324,2.0190358,2
-2.0820434,6.10447,0
0.46328756,2.224481,2
-1.6104254,5.35705,0
1.3488159,2.5359383,2
-1.9912804,5.4831557,0
0.40571478,2.0534787,2
-0.3131529,1.995956,2
0.058548316,3.7699664,0
1.1560593,3.2292438,2
1.8334018,4.9928174,1
0.9030164,5.766775,0
-0.5576787,2.2891397,2
-0.6436403,0.45100084,2
0.064428516,1.5268859,2
3.529799,3.215903,1
0.28624263,1.9561424,2
1.461383,4.307215,1
0.44417277,1.0633917,2
-1.7637825,5.718706,0
-1.1396273,5.25354,0
-2.1923919,5.6072736,0
1.8365622,4.670262,1
-2.0279837,6.194604,0
-0.7821276,1.2418306,2
-0.23991987,3.2833745,2
-1.4256763,5.51185,0
2.3755376,2.9932847,1
0.9163796,1.4708576,2
-0.28654292,3.4384918,2
-0.34491685,0.6963368,2
1.5250465,3.8447917,1
-0.0807474,3.59829,2
0.6231017,4.261727,0
-0.8460455,0.3940539,2
-1.0094795,0.6871988,2
-0.027975904,1.0284817,2
-1.0525447,1.4545231,2
-0.981516,0.44988793,2
-0.8160069,1.1249275,2
-1.116239,0.8196232,2
-1.2089599,1.219261,2
-0.5140781,0.7021931,2
0.60806304,1.0568926,2
3.1731105,3.3851013,1
-1.9378589,6.0519543,0
-0.030285425,2.4384975,2
-2.3174055,5.682348,0
2.5121865,2.4148502,2
-0.45348674,4.1011214,0
1.2231027,3.8320599,2
3.161085,2.4793906,1
2.8305612,0.9303309,2
2.06374,4.296042,1
1.9007003,1.9733378,2
1.827188,1.666025,2
-0.09457239,2.3709743,2
0.17509937,1.3366399,2
-0.7784448,1.4654858,2
1.585493,1.4816918,2
-0.32390764,2.032792,2
0.6322039,1.3254782,2
0.44660085,1.4751004,2
0.34600955,1.1975243,2
-0.08677579,1.6658542,2
1.6961901,4.780676,1
-0.30971232,3.2514138,2
0.71847826,4.135982,0
0.21444644,2.3804996,2
0.5318233,4.2421026,0
-0.9293546,5.286724,0
-1.3211392,6.0461583,0
1.9997827,4.267638,1
0.6047159,5.281713,0
-0.47283763,4.6817865,0
0.5834839,6.3656063,0
-0.18029761,3.7897673,0
-0.6382522,3.9245644,0
-0.7310959,5.2941275,0
1.6460469,2.689882,2
1.9335214,3.0022974,2
-0.98309153,3.858678,0
-0.33956683,3.4301786,2
-2.123787,5.8126755,0
-2.1171832,5.9798307,0
1.6816418,3.256362,2
1.5467182,2.3189638,2
0.38747317,3.934365,0
-2.0612283,5.7081466,0
-2.2143533,5.839737,0
1.1226327,1.1270357,2
2.7261717,0.77528757,2
-0.71646273,1.1111217,2
1.1202228,4.4272494,0
1.6649594,3.2146928,2
-0.49949777,4.0621386,0
-0.48487255,4.070108,0
-2.3253074,5.714069,0
0.52466565,6.500658,0
-0.48507807,3.006448,2
3.0429144,4.3321424,1
3.0546908,4.034554,1
2.409285,4.8667855,1
2.9123256,5.1681123,1
3.004827,4.5902305,1
3.317727,4.5958104,1
3.4298887,4.665379,1
0.8942129,6.064812,0
1.7859713,4.4414864,1
3.1394413,0.78391826,2
1.6374506,2.8006568,2
-0.5800293,3.465022,0
-1.1891545,5.2169013,0
-0.45414355,2.485617,2
-1.0385677,3.9273624,0
0.2758073,4.05476,0
-2.1284595,5.992608,0
1.551978,4.6765943,1
0.43454427,1.7155038,2
-0.75108784,6.3848577,0
-0.8615883,4.9079413,0
-0.1329911,2.863236,2
0.9157749,4.5588984,0
2.0567517,1.6128529,2
-1.542889,6.2065887,0
2.95753,3.907722,1
1.5765697,5.0457954,1
0.3318411,7.0083203,0
-0.099952176,4.327496,0
-0.97998756,3.9567964,0
0.14869143,4.237369,0
3.1501172,0.9070908,2
1.9999596,5.5415497,1
0.66299605,5.9419565,0
2.6087327,5.4471955,1
2.8032358,2.6349552,1
-1.4267734,6.2905893,0
2.6049984,4.113624,1
-1.9449655,6.113897,0
0.034599144,4.90224,0
1.9935037,3.6786873,1
3.1117299,3.7068238,1
2.2624352,4.6143413,1
1.6434425,4.8243113,1
2.6952481,2.3382702,1
0.6485903,5.063253,0
-1.5788454,6.1698313,0
1.6726922,3.4530756,1
0.18089539,4.4720097,0
-1.6483326,5.981652,0
0.27391928,4.1842985,0
1.6963822,2.7715306,2
1.6029321,3.058494,2
1.5180744,2.0391638,2
1.8330835,2.5829098,2
1.7238419,3.2064822,2
0.39489123,3.915683,0
-0.36766678,4.7163787,0
1.6482135,3.491331,1
1.4165405,2.9059663,2
-0.52976394,2.4748297,2
-0.5958372,0.8924437,2
1.6359984,3.0688946,2
-0.076107964,2.3533885,2
1.6162279,2.9562685,2
1.7111876,2.8638616,2
2.0010695,2.60593,2
1.6477422,3.0624185,2
2.061373,2.2118413,2
-1.9054929,5.926943,0
-0.6046701,5.5387387,0
0.42437676,6.6477075,0
1.0050946,5.5423717,0
1.029454,5.507452,0
2.9379714,4.225861,1
0.5088289,4.92697,0
1.8894106,1.5817497,2
2.8917074,4.0810304,1
2.9504476,2.709899,1
3.2243662,4.3643823,1
3.1736228,4.7914534,1
2.987627,0.9139771,2
2.8267846,4.9982047,1
3.089415,3.9294508,1
2.689781,3.260922,1
3.3403144,4.744279,1
3.0494683,4.1861978,1
1.0918049,2.8712325,2
-1.6056757,5.4138083,0
1.7956952,1.5036098,2
2.4283776,2.1115077,2
3.4343247,3.3487453,1
2.0409963,4.808812,1
2.8022912,3.763477,1
0.01081591,4.2569532,0
2.9617202,3.8291078,1
0.6576277,4.550149,0
-0.02655329,4.955244,0
3.83763,2.5648234,1
3.1214967,0.8899909,2
0.24884938,2.3802571,2
0.0039917775,3.1165075,2
1.2261683,2.0894082,2
0.2507885,2.2554557,2
-0.8737007,1.0371357,2
0.44692418,3.2466595,2
0.6884555,2.867324,2
3.0696864,1.0258335,2
2.4896445,3.3447466,1
2.4100487,2.2854583,2
-1.3319874,5.6738253,0
1.2320809,2.3382552,2
-1.0728276,5.3808804,0
-2.0843983,5.6341395,0
-0.76882946,5.3650994,0
0.70377076,3.2833812,2
0.63705575,3.2183614,2
0.18396093,4.565828,0
0.6453117,5.864266,0
2.8176777,3.3846793,1
0.037126586,2.8853111,2
-0.32573435,6.2495317,0
0.86750627,5.6568737,0
2.337931,5.0646577,1
0.32656315,7.140865,0
-1.6729187,6.2481213,0
3.1493545,0.74742174,2
-0.92632633,5.2885246,0
0.42311248,3.5741203,2
-0.94386125,5.3190866,0
0.5111081,5.0617776,0
2.9838965,0.7309464,2
2.8332357,4.7968583,1
-1.5742741,6.1819367,0
1.6973284,5.776323,1
2.4554272,3.9261146,1
0.6269953,5.9830365,0
0.6247062,5.8147526,0
2.6161835,5.1994395,1
1.1425055,3.1342475,2
2.6217117,0.7383001,2
0.6412386,5.632122,0
1.9464644,4.650074,1
2.7435796,3.9831572,1
2.2063808,2.861583,1
2.532979,3.23056,1
-0.2056826,5.918901,0
3.2203343,0.8610898,2
-0.31496146,0.8732633,2
0.63338196,6.234718,0
2.2228937,5.6533384,1
0.82309437,6.1618276,0
1.7164721,2.4270203,2
2.891284,1.1531844,2
0.84218216,6.055342,0
2.215778,3.2553146,1
1.7215219,4.3055124,1
-1.4551272,5.130037,0
-0.97851473,2.4869924,2
0.3212988,2.7280128,2
3.1907697,4.4567375,1
0.9468786,2.410884,2
0.633314,2.316791,2
-1.706059,5.206456,0
2.6454751,3.6753795,1
0.62224585,5.789251,0
2.0367777,5.697621,1
2.1970105,5.713706,1
-0.71177626,5.616391,0
-1.569298,6.193086,0
-1.4310421,6.4250827,0
-1.6702256,6.2538958,0
-1.5303764,6.344,0
0.23539555,6.2624755,0
2.6504219,5.0206957,1
1.7695683,2.784768,2
1.2071741,4.2480106,1
2.0070093,3.8836763,1
0.31630152,6.944757,0
-1.5595478,6.3616915,0
-1.56623,6.330019,0
0.6969389,6.0959263,0
2.8226838,4.1687393,1
2.5746112,5.296001,1
0.9018312,5.649622,0
0.3341719,7.0150476,0
0.9741492,5.4291425,0
0.5585913,6.5538893,0
1.2378752,4.393421,1
1.8577759,4.269884,1
1.3046163,4.8265038,0
1.318303,4.681439,1
-1.8973128,5.903758,0
-2.3019273,5.857865,0
0.8121258,5.9642797,0
-1.7868134,6.025684,0
2.1843445,5.326029,1
2.3452866,5.300368,1
2.4854076,4.369905,1
3.2116196,3.3486137,1
1.5645463,5.83596,0
2.6327875,0.72587097,2
2.2496796,4.671671,1
2.1499686,2.0401661,2
3.0261137,0.7644687,2
1.5657855,4.655418,1
2.3372235,3.5748878,1
-1.4752268,6.0667334,0
2.6874924,4.823507,1
2.8752718,2.594508,1
-1.9240576,6.2654257,0
2.1419446,4.156908,1
1.0171063,5.534038,0
2.0315588,4.7754655,1
-0.026011966,5.7058444,0
0.31613222,7.133892,0
2.411327,5.386911,1
2.370883,5.3905997,1
0.29071817,7.0406485,0
2.895653,5.2806845,1
1.8438753,4.625877,1
0.73665136,5.6472754,0
2.3398695,2.9018815,1
0.6781524,5.769887,0
0.6719387,5.812263,0
1.9949923,4.9150133,1
2.3450973,4.766901,1
2.0826225,4.88755,1
1.9692053,4.7017007,1
-2.183956,6.4939966,0
3.0271523,3.8405795,1
2.7147942,3.6384146,1
2.5247676,3.7322953,1
2.5437913,1.9355172,2
2.504715,4.895003,1
2.6537592,4.335313,1
2.4710064,5.269525,1
2.5239422,5.205347,1
2.5552073,5.00774,1
0.4970649,6.082899,0
2.3881445,5.3500824,1
2.8288357,4.763941,1
2.2510855,4.8564625,1
1.7897764,5.0068903,1
3.0190032,3.8851192,1
1.5392789,5.6914725,0
1.620852,5.2478113,1
2.2866857,3.8690815,1
-0.15795332,5.88045,0
2.7223995,4.745311,1
1.9914906,4.404158,1
0.64772797,5.807098,0
0.7333082,5.7108345,0
0.69607097,5.6567893,0
0.6972574,5.5988874,0
1.9121859,4.568893,1
1.2852129,5.384856,0
0.1605654,4.863865,0
0.87664723,5.891356,0
0.8443635,5.842045,0
1.3879452,4.952945,1
-1.0403479,3.9231884,0
-0.30512956,5.009932,0
1.6369753,4.3927927,1
-0.42714915,5.1100307,0
1.8396574,4.2900085,1
1.5433733,2.7010114,2
2.3331027,3.2347229,1
1.6869915,4.277303,1
1.0737801,5.5607905,0
2.6892154,4.757092,1
1.0315222,6.2198424,0
-1.7495837,5.167916,0
0.65328896,4.709419,0
1.5645748,2.1507351,2
-1.6343616,5.4780626,0
0.5133549,5.3461466,0
0.6607333,4.746964,0
-1.6340922,5.300615,0
1.8575115,2.4897454,2
-2.0221329,5.645179,0
-1.1068436,4.949013,0
1.4382777,2.559492,2
1.287659,4.804831,0
2.6251526,2.1674383,2
2.3273022,3.6962044,1
0.6161747,4.9366927,0
3.6530147,4.1503463,1
1.8131733,2.0104425,2
0.90321666,5.617385,0
2.395277,3.072121,1
1.782304,2.9450712,2
2.7677789,0.7530802,2
-0.061000153,4.661724,0
-2.1391356,5.2437344,0
1.9697164,1.843854,2
-0.5355294,4.28733,0
1.8704523,4.1472125,1
2.5817137,1.38222,2
-0.7605966,5.4279165,0
3.698922,3.9440868,1
-1.7286012,6.593824,0
0.5760216,5.509712,0
3.67053,4.3196487,1
3.4998147,3.431939,1
-0.974749,0.42085412,2
3.6995301,4.418569,1
